{
  "sample": "Helmers1-1",
  "sex": "Z",
  "species": "Human",
  "level": "Cervical",
  "samples_path": [
    "samples"
  ],
  "scale": {
    "scale_bar_length": 1000,
    "shrinkage": 0
  },
  "boundary_separation": {
    "fascicles": 0,
    "nerve": 0
  },
  "modes": {
    "mask_input": "INNERS",
    "nerve": "PRESENT",
    "deform": "PHYSICS",
    "ci_perineurium_thickness": "GRINBERG_2008",
    "reshape_nerve": "CIRCLE"
  },
  "morph_count": 36,
  "deform_ratio": 1,
  "Morphology": {
    "Nerve": {
      "area": 2485053.0
    },
    "Fascicles": [
      {
        "outer": {
          "area": 34139.581758629356,
          "x": -114.68305206298828,
          "y": 616.4396362304688,
          "a": 203.18492126464844,
          "b": 218.17726135253906,
          "angle": 146.10643005371094
        },
        "inners": [
          {
            "area": 29604.434366339097,
            "x": -115.2044677734375,
            "y": 616.6636352539062,
            "a": 189.5633087158203,
            "b": 204.01121520996094,
            "angle": 152.0574493408203
          }
        ]
      },
      {
        "outer": {
          "area": 28754.09423028468,
          "x": -26.927745819091797,
          "y": 398.78546142578125,
          "a": 174.3263397216797,
          "b": 224.8183135986328,
          "angle": 93.11420440673828
        },
        "inners": [
          {
            "area": 24407.91131267319,
            "x": -26.703224182128906,
            "y": 398.8099365234375,
            "a": 160.3488006591797,
            "b": 211.47247314453125,
            "angle": 92.91875457763672
          }
        ]
      },
      {
        "outer": {
          "area": 143140.58956916106,
          "x": -519.3909301757812,
          "y": 389.9841003417969,
          "a": 354.26202392578125,
          "b": 523.2554931640625,
          "angle": 124.52381896972656
        },
        "inners": [
          {
            "area": 124370.11841773751,
            "x": -519.687744140625,
            "y": 389.19573974609375,
            "a": 328.7233581542969,
            "b": 490.6877746582031,
            "angle": 124.07134246826172
          }
        ]
      },
      {
        "outer": {
          "area": 174886.62131519296,
          "x": 410.46002197265625,
          "y": 399.2649841308594,
          "a": 380.46539306640625,
          "b": 596.5321655273438,
          "angle": 43.87275695800781
        },
        "inners": [
          {
            "area": 153848.5764676243,
            "x": 410.806884765625,
            "y": 398.4303894042969,
            "a": 353.73834228515625,
            "b": 565.356201171875,
            "angle": 43.53816223144531
          }
        ]
      },
      {
        "outer": {
          "area": 51177.87855883096,
          "x": -13.960100173950195,
          "y": 127.16647338867188,
          "a": 216.57662963867188,
          "b": 317.2730712890625,
          "angle": 162.59756469726562
        },
        "inners": [
          {
            "area": 45194.00352733686,
            "x": -13.851682662963867,
            "y": 127.67060852050781,
            "a": 201.6380157470703,
            "b": 310.7776794433594,
            "angle": 163.01071166992188
          }
        ]
      },
      {
        "outer": {
          "area": 68247.66943814562,
          "x": -268.636962890625,
          "y": 37.703216552734375,
          "a": 268.5787658691406,
          "b": 358.8370666503906,
          "angle": 140.1989288330078
        },
        "inners": [
          {
            "area": 61255.983875031496,
            "x": -268.2460632324219,
            "y": 39.333946228027344,
            "a": 256.9362487792969,
            "b": 343.7557067871094,
            "angle": 139.5564422607422
          }
        ]
      },
      {
        "outer": {
          "area": 33478.20609725372,
          "x": -560.7252197265625,
          "y": -134.2821044921875,
          "a": 184.8977508544922,
          "b": 245.1063232421875,
          "angle": 177.67176818847656
        },
        "inners": [
          {
            "area": 28880.07054673721,
            "x": -560.7251586914062,
            "y": -134.4081573486328,
            "a": 170.99072265625,
            "b": 229.89122009277344,
            "angle": 177.7794647216797
          }
        ]
      },
      {
        "outer": {
          "area": 81569.66490299819,
          "x": 184.56546020507812,
          "y": -161.3159637451172,
          "a": 249.34471130371094,
          "b": 441.99627685546875,
          "angle": 169.2653045654297
        },
        "inners": [
          {
            "area": 73160.7457797934,
            "x": 184.85220336914062,
            "y": -161.35198974609375,
            "a": 235.26034545898438,
            "b": 424.67529296875,
            "angle": 169.51406860351562
          }
        ]
      },
      {
        "outer": {
          "area": 219828.6722096246,
          "x": 498.5556945800781,
          "y": -367.5016784667969,
          "a": 410.23406982421875,
          "b": 735.30322265625,
          "angle": 143.3993377685547
        },
        "inners": [
          {
            "area": 189877.80297304114,
            "x": 497.98504638671875,
            "y": -367.43914794921875,
            "a": 380.3024597167969,
            "b": 700.2505493164062,
            "angle": 143.61985778808594
          }
        ]
      },
      {
        "outer": {
          "area": 188523.55757117664,
          "x": -246.157958984375,
          "y": -471.67822265625,
          "a": 462.6062927246094,
          "b": 526.40869140625,
          "angle": 149.81968688964844
        },
        "inners": [
          {
            "area": 166855.63114134537,
            "x": -245.4129638671875,
            "y": -471.61688232421875,
            "a": 435.0361328125,
            "b": 497.8243103027344,
            "angle": 148.84716796875
          }
        ]
      }
    ]
  }
}