{
  "sample": "BUCKSOT2-1",
  "sex": "Z",
  "species": "rabbit",
  "level": "Sciatic",
  "samples_path": [
    "samples"
  ],
  "scale": {
    "scale_bar_length": 1000,
    "shrinkage": 0
  },
  "boundary_separation": {
    "fascicles": 0,
    "nerve": 0
  },
  "modes": {
    "mask_input": "INNERS",
    "nerve": "PRESENT",
    "deform": "PHYSICS",
    "ci_perineurium_thickness": "GRINBERG_2008",
    "reshape_nerve": "CIRCLE"
  },
  "morph_count": 36,
  "deform_ratio": 1,
  "Morphology": {
    "Nerve": {
      "area": 6775984.0
    },
    "Fascicles": [
      {
        "outer": {
          "area": 1399600.806050671,
          "x": 44.12197494506836,
          "y": 749.2133178710938,
          "a": 1150.4071044921875,
          "b": 1549.5028076171875,
          "angle": 90.15541076660156
        },
        "inners": [
          {
            "area": 1238315.4124806453,
            "x": 44.12240982055664,
            "y": 749.1531372070312,
            "a": 1071.995849609375,
            "b": 1470.7760009765625,
            "angle": 90.15999603271484
          }
        ]
      },
      {
        "outer": {
          "area": 410922.5521775498,
          "x": 987.4481201171875,
          "y": -94.04107666015625,
          "a": 637.301513671875,
          "b": 821.14111328125,
          "angle": 179.8876495361328
        },
        "inners": [
          {
            "area": 363957.96786926594,
            "x": 987.4344482421875,
            "y": -94.13277435302734,
            "a": 594.79541015625,
            "b": 779.1256103515625,
            "angle": 179.89102172851562
          }
        ]
      },
      {
        "outer": {
          "area": 796147.4499844463,
          "x": -796.274169921875,
          "y": -124.51421356201172,
          "a": 830.7726440429688,
          "b": 1220.66748046875,
          "angle": 60.4342155456543
        },
        "inners": [
          {
            "area": 703322.5415956267,
            "x": -796.2367553710938,
            "y": -124.52328491210938,
            "a": 771.2083740234375,
            "b": 1161.19970703125,
            "angle": 60.4044303894043
          }
        ]
      },
      {
        "outer": {
          "area": 623702.2319648894,
          "x": 291.20025634765625,
          "y": -527.5650024414062,
          "a": 646.2151489257812,
          "b": 1229.6402587890625,
          "angle": 9.893150329589844
        },
        "inners": [
          {
            "area": 544352.85607033,
            "x": 291.2242126464844,
            "y": -527.5645751953125,
            "a": 590.900634765625,
            "b": 1172.9735107421875,
            "angle": 9.826936721801758
          }
        ]
      },
      {
        "outer": {
          "area": 205131.50320787381,
          "x": -301.8143615722656,
          "y": -985.4324951171875,
          "a": 423.89862060546875,
          "b": 616.585205078125,
          "angle": 89.93485260009766
        },
        "inners": [
          {
            "area": 181331.7533426565,
            "x": -302.03363037109375,
            "y": -985.4555053710938,
            "a": 393.9593200683594,
            "b": 586.0841064453125,
            "angle": 89.89290618896484
          }
        ]
      }
    ]
  }
}