{
  "sample": "BUCKSOT2-1",
  "sex": "Z",
  "species": "rabbit",
  "level": "Sciatic",
  "samples_path": [
    "samples"
  ],
  "scale": {
    "scale_bar_length": 1000,
    "shrinkage": 0
  },
  "boundary_separation": {
    "fascicles": 0,
    "nerve": 0
  },
  "modes": {
    "mask_input": "INNERS",
    "nerve": "PRESENT",
    "deform": "PHYSICS",
    "ci_perineurium_thickness": "BUCKSOT_2019",
    "reshape_nerve": "CIRCLE"
  },
  "morph_count": 36,
  "deform_ratio": 1,
  "Morphology": {
    "Nerve": {
      "area": 6775984.0
    },
    "Fascicles": [
      {
        "outer": {
          "area": 1362100.2016951167,
          "x": 44.124412536621094,
          "y": 749.177978515625,
          "a": 1132.5546875,
          "b": 1531.6131591796875,
          "angle": 90.16053009033203
        },
        "inners": [
          {
            "area": 1238315.4124806453,
            "x": 44.12240982055664,
            "y": 749.1531372070312,
            "a": 1071.995849609375,
            "b": 1470.7760009765625,
            "angle": 90.15999603271484
          }
        ]
      },
      {
        "outer": {
          "area": 432040.78784246434,
          "x": 987.4270629882812,
          "y": -94.15200805664062,
          "a": 655.3766479492188,
          "b": 839.6826782226562,
          "angle": 179.89474487304688
        },
        "inners": [
          {
            "area": 363957.96786926594,
            "x": 987.4344482421875,
            "y": -94.13277435302734,
            "a": 594.79541015625,
            "b": 779.1256103515625,
            "angle": 179.89102172851562
          }
        ]
      },
      {
        "outer": {
          "area": 798462.70191177,
          "x": -796.2571411132812,
          "y": -124.53131103515625,
          "a": 831.9963989257812,
          "b": 1222.2353515625,
          "angle": 60.41395568847656
        },
        "inners": [
          {
            "area": 703322.5415956267,
            "x": -796.2367553710938,
            "y": -124.52328491210938,
            "a": 771.2083740234375,
            "b": 1161.19970703125,
            "angle": 60.4044303894043
          }
        ]
      },
      {
        "outer": {
          "area": 632861.5254937685,
          "x": 291.1615295410156,
          "y": -527.5636596679688,
          "a": 652.04638671875,
          "b": 1236.4991455078125,
          "angle": 9.836641311645508
        },
        "inners": [
          {
            "area": 544352.85607033,
            "x": 291.2242126464844,
            "y": -527.5645751953125,
            "a": 590.900634765625,
            "b": 1172.9735107421875,
            "angle": 9.826936721801758
          }
        ]
      },
      {
        "outer": {
          "area": 230945.46751577477,
          "x": -301.96990966796875,
          "y": -985.50732421875,
          "a": 454.724853515625,
          "b": 647.06982421875,
          "angle": 89.88851165771484
        },
        "inners": [
          {
            "area": 181331.7533426565,
            "x": -302.03363037109375,
            "y": -985.4555053710938,
            "a": 393.9593200683594,
            "b": 586.0841064453125,
            "angle": 89.89290618896484
          }
        ]
      }
    ]
  }
}
