{
  "ci_perineurium_thickness_parameters": {
    "GRINBERG_2008": {
      "a": 0.03,
      "b": 0
    },
    "PIG_VN_INHOUSE_200523": {
      "a": 0.02547,
      "b": 3.440
    },
    "RAT_VN_INHOUSE_200601": {
      "a": 0.01292,
      "b": 1.367
    },
    "HUMAN_VN_INHOUSE_200601": {
      "a": 0.03702,
      "b": 10.50
    },
    "ARLE_2016": {
      "a": 0,
      "b": 30
    }
  }
}