{
  "sample": "Arle1-1",
  "sex": "Z",
  "species": "Human",
  "level": "Cervical",
  "samples_path": ["samples"],
  "scale": {
    "scale_bar_length": 3000,
    "shrinkage": 0
  },
  "boundary_separation": {
    "fascicles": 0,
    "nerve": 0
  },
  "modes": {
    "mask_input": "INNERS",
    "nerve": "PRESENT",
    "deform": "NONE",
    "ci_perineurium_thickness": "HUMAN_VN_INHOUSE_200601",
    "reshape_nerve": "CIRCLE"
  },
  "morph_count": 36,
  "deform_ratio": 1,
  "Morphology": {
    "Nerve": {
      "area": 7002119.156519823
    },
    "Fascicles": [
      {
        "outer": {
          "area": 460330.5785123968,
          "x": -0.684256911277771,
          "y": 1246.32275390625,
          "a": 726.0670776367188,
          "b": 821.8638916015625,
          "angle": 54.01133728027344
        },
        "inners": [
          {
            "area": 94380.16528925618,
            "x": -0.6110372543334961,
            "y": 1245.9193115234375,
            "a": 304.7738342285156,
            "b": 400.8641052246094,
            "angle": 54.29467010498047
          }
        ]
      },
      {
        "outer": {
          "area": 520495.8677685951,
          "x": -584.8145751953125,
          "y": 1204.2318115234375,
          "a": 617.8412475585938,
          "b": 1089.8133544921875,
          "angle": 115.60357666015625
        },
        "inners": [
          {
            "area": 95041.32231404957,
            "x": -585.7561645507812,
            "y": 1204.2982177734375,
            "a": 191.6600799560547,
            "b": 643.5764770507812,
            "angle": 115.8935546875
          }
        ]
      },
      {
        "outer": {
          "area": 506776.8595041323,
          "x": 1033.763916015625,
          "y": 751.2402954101562,
          "a": 716.2655639648438,
          "b": 920.9442138671875,
          "angle": 33.67095947265625
        },
        "inners": [
          {
            "area": 111900.826446281,
            "x": 1034.0323486328125,
            "y": 752.646728515625,
            "a": 293.3953857421875,
            "b": 500.4964294433594,
            "angle": 34.18185806274414
          }
        ]
      },
      {
        "outer": {
          "area": 988429.7520661158,
          "x": -547.4774780273438,
          "y": 751.1444702148438,
          "a": 946.0668334960938,
          "b": 1342.263916015625,
          "angle": 110.82612609863281
        },
        "inners": [
          {
            "area": 344297.52066115703,
            "x": -549.5101928710938,
            "y": 750.5082397460938,
            "a": 497.2950439453125,
            "b": 888.4290161132812,
            "angle": 110.78506469726562
          }
        ]
      },
      {
        "outer": {
          "area": 613884.2975206614,
          "x": 389.33404541015625,
          "y": 242.40565490722656,
          "a": 823.0343627929688,
          "b": 966.3700561523438,
          "angle": 104.21513366699219
        },
        "inners": [
          {
            "area": 169421.4876033058,
            "x": 389.51947021484375,
            "y": 241.7409210205078,
            "a": 400.6552734375,
            "b": 544.9798583984375,
            "angle": 105.19930267333984
          }
        ]
      },
      {
        "outer": {
          "area": 680495.8677685951,
          "x": -300.66064453125,
          "y": 239.01918029785156,
          "a": 874.9059448242188,
          "b": 1004.8975830078125,
          "angle": 103.67032623291016
        },
        "inners": [
          {
            "area": 184297.52066115706,
            "x": -301.7867126464844,
            "y": 238.48101806640625,
            "a": 426.59002685546875,
            "b": 561.4541015625,
            "angle": 103.73037719726562
          }
        ]
      },
      {
        "outer": {
          "area": 829256.1983471079,
          "x": 987.3297119140625,
          "y": 10.38807487487793,
          "a": 935.1643676757812,
          "b": 1136.4757080078125,
          "angle": 20.6488094329834
        },
        "inners": [
          {
            "area": 262644.62809917366,
            "x": 987.4046020507812,
            "y": 9.079233169555664,
            "a": 489.6248474121094,
            "b": 687.942138671875,
            "angle": 21.046993255615234
          }
        ]
      },
      {
        "outer": {
          "area": 839504.1322314052,
          "x": -990.7173461914062,
          "y": -91.59051513671875,
          "a": 945.6375732421875,
          "b": 1148.6129150390625,
          "angle": 128.7449951171875
        },
        "inners": [
          {
            "area": 269421.4876033058,
            "x": -991.8403930664062,
            "y": -92.69593811035156,
            "a": 498.8429870605469,
            "b": 706.357421875,
            "angle": 128.47674560546875
          }
        ]
      },
      {
        "outer": {
          "area": 623801.6528925622,
          "x": 395.1630859375,
          "y": -246.00079345703125,
          "a": 827.3078002929688,
          "b": 975.0407104492188,
          "angle": 104.793212890625
        },
        "inners": [
          {
            "area": 174545.4545454546,
            "x": 394.9892578125,
            "y": -246.75390625,
            "a": 406.1611328125,
            "b": 551.8309936523438,
            "angle": 104.59937286376953
          }
        ]
      },
      {
        "outer": {
          "area": 620991.7355371901,
          "x": -299.62744140625,
          "y": -249.1442413330078,
          "a": 821.79345703125,
          "b": 979.4852294921875,
          "angle": 109.53642272949219
        },
        "inners": [
          {
            "area": 173388.42975206615,
            "x": -300.663818359375,
            "y": -249.7972869873047,
            "a": 401.364990234375,
            "b": 556.416015625,
            "angle": 109.83161163330078
          }
        ]
      },
      {
        "outer": {
          "area": 460826.44628099195,
          "x": -0.1429595947265625,
          "y": -1025.7037353515625,
          "a": 724.4400024414062,
          "b": 822.4310913085938,
          "angle": 53.680870056152344
        },
        "inners": [
          {
            "area": 95041.32231404958,
            "x": 0.7613344192504883,
            "y": -1025.917236328125,
            "a": 304.2349853515625,
            "b": 402.715576171875,
            "angle": 54.27067565917969
          }
        ]
      },
      {
        "outer": {
          "area": 541818.1818181819,
          "x": -604.4368896484375,
          "y": -1175.060546875,
          "a": 625.4188842773438,
          "b": 1117.7117919921875,
          "angle": 64.18080139160156
        },
        "inners": [
          {
            "area": 102644.62809917355,
            "x": -606.9200439453125,
            "y": -1174.0433349609375,
            "a": 200.22225952148438,
            "b": 659.4857177734375,
            "angle": 63.90648651123047
          }
        ]
      }
    ]
  }
}
