{
  "sample": "Arle1-1",
  "sex": "Z",
  "species": "Human",
  "level": "Cervical",
  "samples_path": [
    "samples"
  ],
  "scale": {
    "scale_bar_length": 3000,
    "shrinkage": 0
  },
  "boundary_separation": {
    "fascicles": 0,
    "nerve": 0
  },
  "modes": {
    "mask_input": "INNERS",
    "nerve": "PRESENT",
    "deform": "NONE",
    "ci_perineurium_thickness": "ARLE_2016",
    "reshape_nerve": "CIRCLE"
  },
  "morph_count": 36,
  "deform_ratio": 1,
  "Morphology": {
    "Nerve": {
      "area": 6995985.0
    },
    "Fascicles": [
      {
        "outer": {
          "area": 1646776.8595041323,
          "x": -1.5825042724609375,
          "y": 1245.7137451171875,
          "a": 1410.564208984375,
          "b": 1507.498046875,
          "angle": 52.83218765258789
        },
        "inners": [
          {
            "area": 94380.16528925618,
            "x": -0.6110372543334961,
            "y": 1245.9193115234375,
            "a": 304.7738342285156,
            "b": 400.8641052246094,
            "angle": 54.29467010498047
          }
        ]
      },
      {
        "outer": {
          "area": 1811900.826446281,
          "x": -578.3646850585938,
          "y": 1204.991943359375,
          "a": 1312.3720703125,
          "b": 1801.2763671875,
          "angle": 116.89604949951172
        },
        "inners": [
          {
            "area": 95041.32231404957,
            "x": -585.7561645507812,
            "y": 1204.2982177734375,
            "a": 191.6600799560547,
            "b": 643.5764770507812,
            "angle": 115.8935546875
          }
        ]
      },
      {
        "outer": {
          "area": 1742809.9173553719,
          "x": 1034.6580810546875,
          "y": 751.1856689453125,
          "a": 1401.6197509765625,
          "b": 1611.8988037109375,
          "angle": 34.54948043823242
        },
        "inners": [
          {
            "area": 111900.826446281,
            "x": 1034.0323486328125,
            "y": 752.646728515625,
            "a": 293.3953857421875,
            "b": 500.4964294433594,
            "angle": 34.18185806274414
          }
        ]
      },
      {
        "outer": {
          "area": 2507438.0165289273,
          "x": -547.6832885742188,
          "y": 750.8604736328125,
          "a": 1609.3480224609375,
          "b": 2008.0684814453125,
          "angle": 111.37513732910156
        },
        "inners": [
          {
            "area": 344297.52066115703,
            "x": -549.5101928710938,
            "y": 750.5082397460938,
            "a": 497.2950439453125,
            "b": 888.4290161132812,
            "angle": 110.78506469726562
          }
        ]
      },
      {
        "outer": {
          "area": 1931735.5371900832,
          "x": 390.2525939941406,
          "y": 242.52520751953125,
          "a": 1509.2115478515625,
          "b": 1651.8936767578125,
          "angle": 104.78274536132812
        },
        "inners": [
          {
            "area": 169421.4876033058,
            "x": 389.51947021484375,
            "y": 241.7409210205078,
            "a": 400.6552734375,
            "b": 544.9798583984375,
            "angle": 105.19930267333984
          }
        ]
      },
      {
        "outer": {
          "area": 1979173.5537190088,
          "x": -301.37908935546875,
          "y": 238.9641571044922,
          "a": 1536.747314453125,
          "b": 1663.9747314453125,
          "angle": 104.7603988647461
        },
        "inners": [
          {
            "area": 184297.52066115706,
            "x": -301.7867126464844,
            "y": 238.48101806640625,
            "a": 426.59002685546875,
            "b": 561.4541015625,
            "angle": 103.73037719726562
          }
        ]
      },
      {
        "outer": {
          "area": 2230743.8016528925,
          "x": 987.5855712890625,
          "y": 10.345203399658203,
          "a": 1597.9998779296875,
          "b": 1798.6519775390625,
          "angle": 21.857240676879883
        },
        "inners": [
          {
            "area": 262644.62809917366,
            "x": 987.4046020507812,
            "y": 9.079233169555664,
            "a": 489.6248474121094,
            "b": 687.942138671875,
            "angle": 21.046993255615234
          }
        ]
      },
      {
        "outer": {
          "area": 2247107.43801653,
          "x": -990.513427734375,
          "y": -92.16065979003906,
          "a": 1606.71875,
          "b": 1811.0274658203125,
          "angle": 128.90003967285156
        },
        "inners": [
          {
            "area": 269421.4876033058,
            "x": -991.8403930664062,
            "y": -92.69593811035156,
            "a": 498.8429870605469,
            "b": 706.357421875,
            "angle": 128.47674560546875
          }
        ]
      },
      {
        "outer": {
          "area": 1947603.305785124,
          "x": 395.8382873535156,
          "y": -246.39146423339844,
          "a": 1518.1787109375,
          "b": 1659.0611572265625,
          "angle": 104.18850708007812
        },
        "inners": [
          {
            "area": 174545.4545454546,
            "x": 394.9892578125,
            "y": -246.75390625,
            "a": 406.1611328125,
            "b": 551.8309936523438,
            "angle": 104.59937286376953
          }
        ]
      },
      {
        "outer": {
          "area": 1943966.9421487607,
          "x": -299.9029235839844,
          "y": -248.9359588623047,
          "a": 1511.093994140625,
          "b": 1662.1575927734375,
          "angle": 108.90669250488281
        },
        "inners": [
          {
            "area": 173388.42975206615,
            "x": -300.663818359375,
            "y": -249.7972869873047,
            "a": 401.364990234375,
            "b": 556.416015625,
            "angle": 109.83161163330078
          }
        ]
      },
      {
        "outer": {
          "area": 1647933.8842975213,
          "x": 0.31291961669921875,
          "y": -1025.066162109375,
          "a": 1411.586669921875,
          "b": 1507.822509765625,
          "angle": 52.96977996826172
        },
        "inners": [
          {
            "area": 95041.32231404958,
            "x": 0.7613344192504883,
            "y": -1025.917236328125,
            "a": 304.2349853515625,
            "b": 402.715576171875,
            "angle": 54.27067565917969
          }
        ]
      },
      {
        "outer": {
          "area": 1853388.4297520665,
          "x": -599.3472900390625,
          "y": -1179.693359375,
          "a": 1318.8956298828125,
          "b": 1826.025146484375,
          "angle": 63.13606262207031
        },
        "inners": [
          {
            "area": 102644.62809917355,
            "x": -606.9200439453125,
            "y": -1174.0433349609375,
            "a": 200.22225952148438,
            "b": 659.4857177734375,
            "angle": 63.90648651123047
          }
        ]
      }
    ]
  }
}