{
  "sample": "BUCKSOT1-1",
  "sex": "Z",
  "species": "rabbit",
  "level": "Sciatic",
  "samples_path": [
    "samples"
  ],
  "scale": {
    "scale_bar_length": 1000,
    "shrinkage": 0
  },
  "boundary_separation": {
    "fascicles": 0,
    "nerve": 0
  },
  "modes": {
    "mask_input": "INNERS",
    "nerve": "PRESENT",
    "deform": "PHYSICS",
    "ci_perineurium_thickness": "GRINBERG_2008",
    "reshape_nerve": "CIRCLE"
  },
  "morph_count": 36,
  "deform_ratio": 1,
  "Morphology": {
    "Nerve": {
      "area": 6775984.0
    },
    "Fascicles": [
      {
        "outer": {
          "area": 206724.72128946215,
          "x": 266.8822326660156,
          "y": 1016.9005737304688,
          "a": 425.81805419921875,
          "b": 618.762451171875,
          "angle": 89.62483215332031
        },
        "inners": [
          {
            "area": 182831.92347444696,
            "x": 266.7002258300781,
            "y": 1016.870849609375,
            "a": 395.87554931640625,
            "b": 588.01171875,
            "angle": 89.59452819824219
          }
        ]
      },
      {
        "outer": {
          "area": 627960.5440203459,
          "x": -330.489013671875,
          "y": 558.9627075195312,
          "a": 648.3606567382812,
          "b": 1234.2266845703125,
          "angle": 9.833313941955566
        },
        "inners": [
          {
            "area": 547513.2935416506,
            "x": -330.4455261230469,
            "y": 558.933837890625,
            "a": 592.8719482421875,
            "b": 1175.81494140625,
            "angle": 9.834404945373535
          }
        ]
      },
      {
        "outer": {
          "area": 412538.1200117862,
          "x": -1026.6607666015625,
          "y": 121.69831085205078,
          "a": 638.282470703125,
          "b": 823.2111206054688,
          "angle": 0.11094309389591217
        },
        "inners": [
          {
            "area": 365472.27764048637,
            "x": -1026.6744384765625,
            "y": 121.6041488647461,
            "a": 595.7801513671875,
            "b": 781.0829467773438,
            "angle": 0.10782524198293686
          }
        ]
      },
      {
        "outer": {
          "area": 798985.4124532824,
          "x": 759.89990234375,
          "y": 154.9439239501953,
          "a": 833.7386474609375,
          "b": 1220.6767578125,
          "angle": 60.178863525390625
        },
        "inners": [
          {
            "area": 706010.8975569463,
            "x": 759.968994140625,
            "y": 154.92428588867188,
            "a": 774.1744384765625,
            "b": 1161.1412353515625,
            "angle": 60.14846420288086
          }
        ]
      },
      {
        "outer": {
          "area": 1408189.952828339,
          "x": -82.36111450195312,
          "y": -721.6604614257812,
          "a": 1155.327392578125,
          "b": 1552.431884765625,
          "angle": 90.115478515625
        },
        "inners": [
          {
            "area": 1246449.354092146,
            "x": -82.366455078125,
            "y": -721.7108764648438,
            "a": 1076.8553466796875,
            "b": 1473.74609375,
            "angle": 90.11270141601562
          }
        ]
      }
    ]
  }
}