{
  "sample": "BUCKSOT1-1",
  "sex": "Z",
  "species": "rabbit",
  "level": "Sciatic",
  "samples_path": ["samples"],
  "scale": {
    "scale_bar_length": 1000,
    "shrinkage": 0
  },
  "boundary_separation": {
    "fascicles": 0,
    "nerve": 0
  },
  "modes": {
    "mask_input": "INNERS",
    "nerve": "PRESENT",
    "deform": "PHYSICS",
    "ci_perineurium_thickness": "BUCKSOT_2019",
    "reshape_nerve": "CIRCLE"
  },
  "morph_count": 36,
  "deform_ratio": 1,
  "Morphology": {
    "Nerve": {
      "area": 6775984.0
    },
    "Fascicles": [
      {
        "outer": {
          "area": 232622.61119914165,
          "x": 266.7171325683594,
          "y": 1016.8124389648438,
          "a": 456.61395263671875,
          "b": 649.02490234375,
          "angle": 89.58528137207031
        },
        "inners": [
          {
            "area": 182831.92347444696,
            "x": 266.7002258300781,
            "y": 1016.870849609375,
            "a": 395.87554931640625,
            "b": 588.01171875,
            "angle": 89.59452819824219
          }
        ]
      },
      {
        "outer": {
          "area": 636220.8301519136,
          "x": -330.4833679199219,
          "y": 558.9351806640625,
          "a": 653.9514770507812,
          "b": 1239.570068359375,
          "angle": 9.847100257873535
        },
        "inners": [
          {
            "area": 547513.2935416506,
            "x": -330.4455261230469,
            "y": 558.933837890625,
            "a": 592.8719482421875,
            "b": 1175.81494140625,
            "angle": 9.834404945373535
          }
        ]
      },
      {
        "outer": {
          "area": 433702.8796515994,
          "x": -1026.6536865234375,
          "y": 121.56551361083984,
          "a": 656.2401123046875,
          "b": 841.7230834960938,
          "angle": 0.10257092118263245
        },
        "inners": [
          {
            "area": 365472.27764048637,
            "x": -1026.6744384765625,
            "y": 121.6041488647461,
            "a": 595.7801513671875,
            "b": 781.0829467773438,
            "angle": 0.10782524198293686
          }
        ]
      },
      {
        "outer": {
          "area": 801287.8930933797,
          "x": 759.9375,
          "y": 154.9239959716797,
          "a": 834.9315185546875,
          "b": 1222.2161865234375,
          "angle": 60.15968704223633
        },
        "inners": [
          {
            "area": 706010.8975569463,
            "x": 759.968994140625,
            "y": 154.92428588867188,
            "a": 774.1744384765625,
            "b": 1161.1412353515625,
            "angle": 60.14846420288086
          }
        ]
      },
      {
        "outer": {
          "area": 1370595.3882881822,
          "x": -82.37500762939453,
          "y": -721.6971435546875,
          "a": 1137.434814453125,
          "b": 1534.5474853515625,
          "angle": 90.11376953125
        },
        "inners": [
          {
            "area": 1246449.354092146,
            "x": -82.366455078125,
            "y": -721.7108764648438,
            "a": 1076.8553466796875,
            "b": 1473.74609375,
            "angle": 90.11270141601562
          }
        ]
      }
    ]
  }
}
