{
  "sample": "Helmers1-2",
  "sex": "Z",
  "species": "Human",
  "level": "Cervical",
  "samples_path": [
    "samples"
  ],
  "scale": {
    "scale_bar_length": 1000,
    "shrinkage": 0
  },
  "boundary_separation": {
    "fascicles": 0,
    "nerve": 0
  },
  "modes": {
    "mask_input": "INNERS",
    "nerve": "PRESENT",
    "deform": "PHYSICS",
    "ci_perineurium_thickness": "GRINBERG_2008",
    "reshape_nerve": "CIRCLE"
  },
  "morph_count": 36,
  "deform_ratio": 1,
  "Morphology": {
    "Nerve": {
      "area": 3168018.0
    },
    "Fascicles": [
      {
        "outer": {
          "area": 34139.581758629305,
          "x": -118.63360595703125,
          "y": 596.71533203125,
          "a": 203.1295166015625,
          "b": 218.57493591308594,
          "angle": 147.29461669921875
        },
        "inners": [
          {
            "area": 29604.43436633907,
            "x": -119.14483642578125,
            "y": 596.9568481445312,
            "a": 189.43321228027344,
            "b": 204.49598693847656,
            "angle": 153.24703979492188
          }
        ]
      },
      {
        "outer": {
          "area": 28754.09423028467,
          "x": -30.92932891845703,
          "y": 379.2003173828125,
          "a": 172.9731903076172,
          "b": 225.3250732421875,
          "angle": 92.949462890625
        },
        "inners": [
          {
            "area": 24407.911312673175,
            "x": -30.464811325073242,
            "y": 379.0240783691406,
            "a": 159.49485778808594,
            "b": 212.72576904296875,
            "angle": 92.79570007324219
          }
        ]
      },
      {
        "outer": {
          "area": 143140.58956916106,
          "x": -523.2324829101562,
          "y": 370.22314453125,
          "a": 354.50836181640625,
          "b": 523.2651977539062,
          "angle": 124.59223175048828
        },
        "inners": [
          {
            "area": 124370.11841773747,
            "x": -523.4647827148438,
            "y": 369.8721618652344,
            "a": 328.3937683105469,
            "b": 490.7265319824219,
            "angle": 124.0703125
          }
        ]
      },
      {
        "outer": {
          "area": 174886.62131519272,
          "x": 406.5132141113281,
          "y": 379.4907531738281,
          "a": 380.3378601074219,
          "b": 596.5140380859375,
          "angle": 43.88111877441406
        },
        "inners": [
          {
            "area": 153848.5764676241,
            "x": 406.80511474609375,
            "y": 378.6525573730469,
            "a": 353.4398193359375,
            "b": 565.425537109375,
            "angle": 43.59823226928711
          }
        ]
      },
      {
        "outer": {
          "area": 51177.87855883103,
          "x": -17.998579025268555,
          "y": 107.3448486328125,
          "a": 216.99851989746094,
          "b": 316.8150329589844,
          "angle": 162.53929138183594
        },
        "inners": [
          {
            "area": 45194.003527336936,
            "x": -17.87055778503418,
            "y": 107.8411636352539,
            "a": 201.6584014892578,
            "b": 311.14337158203125,
            "angle": 163.03732299804688
          }
        ]
      },
      {
        "outer": {
          "area": 68247.66943814566,
          "x": -272.6328125,
          "y": 17.874372482299805,
          "a": 268.6044616699219,
          "b": 359.1642150878906,
          "angle": 140.25726318359375
        },
        "inners": [
          {
            "area": 61255.98387503154,
            "x": -272.2423095703125,
            "y": 19.509511947631836,
            "a": 256.9517822265625,
            "b": 344.0720520019531,
            "angle": 139.6039581298828
          }
        ]
      },
      {
        "outer": {
          "area": 33478.20609725372,
          "x": -564.7252197265625,
          "y": -154.2821044921875,
          "a": 184.8977508544922,
          "b": 245.1063232421875,
          "angle": 177.67176818847656
        },
        "inners": [
          {
            "area": 28880.070546737206,
            "x": -564.7251586914062,
            "y": -154.4081573486328,
            "a": 170.99072265625,
            "b": 229.89122009277344,
            "angle": 177.7794647216797
          }
        ]
      },
      {
        "outer": {
          "area": 81569.66490299824,
          "x": 180.57643127441406,
          "y": -181.09674072265625,
          "a": 249.04258728027344,
          "b": 443.04205322265625,
          "angle": 169.2769317626953
        },
        "inners": [
          {
            "area": 73160.7457797934,
            "x": 180.9430694580078,
            "y": -181.08477783203125,
            "a": 234.9752197265625,
            "b": 425.17852783203125,
            "angle": 169.6190948486328
          }
        ]
      },
      {
        "outer": {
          "area": 219828.67220962446,
          "x": 494.6005554199219,
          "y": -387.3750915527344,
          "a": 410.0805358886719,
          "b": 735.4578857421875,
          "angle": 143.43051147460938
        },
        "inners": [
          {
            "area": 189877.80297304108,
            "x": 493.98248291015625,
            "y": -387.2793884277344,
            "a": 380.3423156738281,
            "b": 700.5239868164062,
            "angle": 143.64236450195312
          }
        ]
      },
      {
        "outer": {
          "area": 188523.55757117659,
          "x": -250.0874786376953,
          "y": -491.6016845703125,
          "a": 462.7672424316406,
          "b": 526.37060546875,
          "angle": 149.6833953857422
        },
        "inners": [
          {
            "area": 166855.63114134537,
            "x": -249.28567504882812,
            "y": -491.51214599609375,
            "a": 435.1083984375,
            "b": 497.7406311035156,
            "angle": 148.67434692382812
          }
        ]
      }
    ]
  }
}