{
  "sample": "Alien1-1",
  "sex": "M",
  "level": "Cervical",
  "samples_path": ["samples"],
  "scale": {
    "scale_bar_length": 1000,
    "shrinkage": 0
  },
  "boundary_separation": {
    "fascicles": 10.0,
    "nerve": 10.0
  },
  "modes": {
    "mask_input": "INNERS",
    "nerve": "PRESENT",
    "deform": "PHYSICS",
    "ci_perineurium_thickness": "PIG_INHOUSE_200523",
    "reshape_nerve": "CIRCLE"
  },
  "morph_count": 36,
  "deform_ratio": 1,
  "Morphology": {
    "Nerve": {
      "area": 11818310.419531498
    },
    "Fascicles": [
      {
        "outer": {
          "area": 183629.22508997945,
          "x": -1019.0697631835938,
          "y": 1141.0643310546875,
          "a": 448.1912536621094,
          "b": 521.9576416015625,
          "angle": 141.26451110839844
        },
        "inners": [
          {
            "area": 158703.3342887538,
            "x": -1019.066650390625,
            "y": 1141.0667724609375,
            "a": 414.1382751464844,
            "b": 487.93206787109375,
            "angle": 141.3098907470703
          }
        ]
      },
      {
        "outer": {
          "area": 179678.0169321004,
          "x": 379.5143127441406,
          "y": 867.2938232421875,
          "a": 431.1131286621094,
          "b": 531.02197265625,
          "angle": 132.36744689941406
        },
        "inners": [
          {
            "area": 154924.2941591756,
            "x": 379.4361572265625,
            "y": 867.2095336914062,
            "a": 396.8755187988281,
            "b": 496.95831298828125,
            "angle": 132.30738830566406
          }
        ]
      },
      {
        "outer": {
          "area": 210978.93394326343,
          "x": -184.71910095214844,
          "y": 879.0399780273438,
          "a": 445.96868896484375,
          "b": 603.1238403320312,
          "angle": 147.3564910888672
        },
        "inners": [
          {
            "area": 182714.5223250951,
            "x": -184.79319763183594,
            "y": 878.9779663085938,
            "a": 410.0356140136719,
            "b": 567.3726196289062,
            "angle": 147.24465942382812
          }
        ]
      },
      {
        "outer": {
          "area": 174019.55597961682,
          "x": 1434.5750732421875,
          "y": 662.3798828125,
          "a": 423.1028137207031,
          "b": 524.0343627929688,
          "angle": 58.27857208251953
        },
        "inners": [
          {
            "area": 149653.45172850922,
            "x": 1434.5467529296875,
            "y": 662.3630981445312,
            "a": 389.02398681640625,
            "b": 489.86248779296875,
            "angle": 58.28713607788086
          }
        ]
      },
      {
        "outer": {
          "area": 141269.1573000205,
          "x": 694.4912719726562,
          "y": 481.5527038574219,
          "a": 390.6348571777344,
          "b": 460.95880126953125,
          "angle": 154.9144744873047
        },
        "inners": [
          {
            "area": 121440.01723603942,
            "x": 694.5064697265625,
            "y": 481.5561828613281,
            "a": 359.56103515625,
            "b": 430.0513916015625,
            "angle": 154.93702697753906
          }
        ]
      },
      {
        "outer": {
          "area": 185947.24156040017,
          "x": -1257.23681640625,
          "y": 473.35833740234375,
          "a": 453.0462951660156,
          "b": 522.76904296875,
          "angle": 107.36701202392578
        },
        "inners": [
          {
            "area": 160864.57205183897,
            "x": -1257.23095703125,
            "y": 473.2991943359375,
            "a": 419.0536193847656,
            "b": 488.8387756347656,
            "angle": 107.38465881347656
          }
        ]
      },
      {
        "outer": {
          "area": 150186.30696693787,
          "x": 1673.9879150390625,
          "y": 115.46056365966797,
          "a": 407.41229248046875,
          "b": 469.80499267578125,
          "angle": 5.583998203277588
        },
        "inners": [
          {
            "area": 129786.80019467494,
            "x": 1673.9759521484375,
            "y": 115.4094467163086,
            "a": 376.47894287109375,
            "b": 439.0015869140625,
            "angle": 5.539222717285156
          }
        ]
      },
      {
        "outer": {
          "area": 161200.25161539784,
          "x": -484.8493347167969,
          "y": 47.329437255859375,
          "a": 404.700927734375,
          "b": 507.6253662109375,
          "angle": 32.134971618652344
        },
        "inners": [
          {
            "area": 139091.56838340958,
            "x": -484.86474609375,
            "y": 47.31308364868164,
            "a": 372.4924011230469,
            "b": 475.4906311035156,
            "angle": 32.230037689208984
          }
        ]
      },
      {
        "outer": {
          "area": 168652.53029291664,
          "x": 1235.5535888671875,
          "y": -40.41984558105469,
          "a": 426.9253234863281,
          "b": 503.6347961425781,
          "angle": 128.49295043945312
        },
        "inners": [
          {
            "area": 146150.45754374898,
            "x": 1235.5633544921875,
            "y": -40.40998077392578,
            "a": 394.6852111816406,
            "b": 471.50262451171875,
            "angle": 128.44451904296875
          }
        ]
      },
      {
        "outer": {
          "area": 154304.8739903163,
          "x": -588.8746948242188,
          "y": -424.1152038574219,
          "a": 392.20526123046875,
          "b": 501.492919921875,
          "angle": 3.4916582107543945
        },
        "inners": [
          {
            "area": 133452.34408213285,
            "x": -588.9344482421875,
            "y": -424.1337585449219,
            "a": 361.0924377441406,
            "b": 470.6612243652344,
            "angle": 3.46966814994812
          }
        ]
      },
      {
        "outer": {
          "area": 181959.4837652282,
          "x": -1390.34228515625,
          "y": -486.96966552734375,
          "a": 444.1501770019531,
          "b": 521.9130859375,
          "angle": 128.6166229248047
        },
        "inners": [
          {
            "area": 157126.89072235557,
            "x": -1390.371826171875,
            "y": -486.99627685546875,
            "a": 410.00628662109375,
            "b": 487.9471740722656,
            "angle": 128.5662384033203
          }
        ]
      },
      {
        "outer": {
          "area": 189146.29665609292,
          "x": 829.5215454101562,
          "y": -642.9061889648438,
          "a": 440.6587219238281,
          "b": 546.8037109375,
          "angle": 120.19644165039062
        },
        "inners": [
          {
            "area": 163704.8636025247,
            "x": 829.544189453125,
            "y": -642.9693603515625,
            "a": 406.52447509765625,
            "b": 512.6875,
            "angle": 120.1407241821289
          }
        ]
      },
      {
        "outer": {
          "area": 199738.9586431236,
          "x": 1504.85498046875,
          "y": -631.0784301757812,
          "a": 431.0836486816406,
          "b": 589.7266845703125,
          "angle": 165.6973876953125
        },
        "inners": [
          {
            "area": 173264.51741974952,
            "x": 1504.8253173828125,
            "y": -631.1473388671875,
            "a": 396.9876708984375,
            "b": 555.662353515625,
            "angle": 165.7030792236328
          }
        ]
      },
      {
        "outer": {
          "area": 206920.96237118662,
          "x": -181.66311645507812,
          "y": -731.0357666015625,
          "a": 458.342041015625,
          "b": 574.8206176757812,
          "angle": 80.08368682861328
        },
        "inners": [
          {
            "area": 180231.07065429614,
            "x": -181.6719512939453,
            "y": -731.108642578125,
            "a": 424.36761474609375,
            "b": 540.7763061523438,