{
  "sample": "Rat16-3",
  "sex": "M",
  "level": "Cervical",
  "samples_path": [
    "samples"
  ],
  "scale": {
    "scale_bar_length": 500,
    "shrinkage": 0
  },
  "boundary_separation": {
    "fascicles": 10.0,
    "nerve": 10.0
  },
  "modes": {
    "mask_input": "INNER_AND_OUTER_COMPILED",
    "scale_input": "RATIO",
    "nerve": "NOT_PRESENT",
    "deform": "NONE",
    "ci_perineurium_thickness": "MEASURED",
    "reshape_nerve": "NONE"
  },
  "morph_count": 36,
  "deform_ratio": 1,
  "Morphology": {
    "outer": {
      "area": 3822.2482582148805,
      "x": 0.9345049858093262,
      "y": 0.547715425491333,
      "a": 53.227294921875,
      "b": 95.37359619140625,
      "angle": 12.440727233886719
    },
    "inners": [
      {
        "area": 3569.204913019861,
        "x": 1.0080997943878174,
        "y": 0.5349266529083252,
        "a": 51.09575653076172,
        "b": 93.090087890625,
        "angle": 12.47867107391357
      }
    ]
  }
}